"","DateTime","WAvgWaterFlow","n"
"1",2015-10-23 00:00:00,26.1027960054286,4
"2",2015-10-23 01:00:00,18.8451480734337,6
"3",2015-10-23 02:00:00,24.4680552400888,3
"4",2015-10-23 03:00:00,25.5636641691647,6
"5",2015-10-23 04:00:00,22.3615883852984,3
"6",2015-10-23 05:00:00,23.6379806451631,10
"7",2015-10-23 06:00:00,21.4396759578623,9
"8",2015-10-23 07:00:00,16.2411689830476,4
"9",2015-10-23 08:00:00,22.2636766393727,4
"10",2015-10-23 09:00:00,29.8575122970569,4
"11",2015-10-23 10:00:00,26.0090587827237,4
"12",2015-10-23 11:00:00,33.6596044483904,4
"13",2015-10-23 12:00:00,29.1799721891515,4
"14",2015-10-23 13:00:00,26.4138357551657,4
"15",2015-10-23 14:00:00,23.929290227188,7
"16",2015-10-23 15:00:00,25.1421654266697,5
"17",2015-10-23 16:00:00,29.9647546698625,7
"18",2015-10-23 17:00:00,24.4601990371556,4
"19",2015-10-23 18:00:00,24.0263486682622,5
"20",2015-10-23 19:00:00,17.2745511184152,4
"21",2015-10-23 20:00:00,22.0330255093293,9
"22",2015-10-23 21:00:00,32.0871868764101,2
"23",2015-10-23 22:00:00,28.8374339934354,3
"24",2015-10-23 23:00:00,25.9335805449422,4
"25",2015-10-24 00:00:00,21.663770777214,6
"26",2015-10-24 01:00:00,22.0031983111699,9
"27",2015-10-24 02:00:00,31.9061248921885,4
"28",2015-10-24 03:00:00,23.1176807490811,6
"29",2015-10-24 04:00:00,27.3337961562782,8
"30",2015-10-24 05:00:00,29.4644283958756,3
"31",2015-10-24 06:00:00,24.5061490303011,4
"32",2015-10-24 07:00:00,30.360941131295,6
"33",2015-10-24 08:00:00,20.7555070899977,8
"34",2015-10-24 09:00:00,24.6428637786971,6
"35",2015-10-24 10:00:00,15.7215042659056,6
"36",2015-10-24 11:00:00,26.2351162172783,2
"37",2015-10-24 12:00:00,18.5624675194157,6
"38",2015-10-24 13:00:00,23.7816636550433,6
"39",2015-10-24 14:00:00,37.2867106922765,2
"40",2015-10-24 15:00:00,40.5355543762083,2
"41",2015-10-24 16:00:00,21.2741577798465,9
"42",2015-10-24 17:00:00,20.487784767938,7
"43",2015-10-24 18:00:00,23.8822448921037,6
"44",2015-10-24 19:00:00,27.497098357069,5
"45",2015-10-24 20:00:00,20.7545647603171,7
"46",2015-10-24 21:00:00,22.9896529233644,5
"47",2015-10-24 22:00:00,26.4235498092278,7
"48",2015-10-24 23:00:00,16.4852023161523,3
"49",2015-10-25 00:00:00,29.7930043865486,8
"50",2015-10-25 01:00:00,25.0099442437502,8
"51",2015-10-25 02:00:00,28.7706631005305,4
"52",2015-10-25 03:00:00,30.2844982132544,3
"53",2015-10-25 04:00:00,21.6433245268104,4
"54",2015-10-25 05:00:00,28.0347767318394,5
"55",2015-10-25 06:00:00,23.9441081455827,6
"56",2015-10-25 07:00:00,20.5210808908063,5
"57",2015-10-25 08:00:00,30.5772074470588,4
"58",2015-10-25 09:00:00,37.8473412138522,2
"59",2015-10-25 10:00:00,19.1195314215311,5
"60",2015-10-25 11:00:00,23.1945829985382,5
"61",2015-10-25 12:00:00,25.5070092864781,5
"62",2015-10-25 13:00:00,26.7759296186054,6
"63",2015-10-25 14:00:00,23.9166366601894,10
"64",2015-10-25 15:00:00,20.1526745376072,6
"65",2015-10-25 16:00:00,29.1695484298956,3
"66",2015-10-25 17:00:00,42.8930615661248,2
"67",2015-10-25 18:00:00,32.7176223420528,5
"68",2015-10-25 19:00:00,15.7284842836303,6
"69",2015-10-25 20:00:00,24.850983752714,3
"70",2015-10-25 21:00:00,19.6565516569551,7
"71",2015-10-25 22:00:00,18.7088978640998,4
"72",2015-10-25 23:00:00,27.1475348470455,3
"73",2015-10-26 00:00:00,34.5482112563206,5
"74",2015-10-26 01:00:00,22.7532217986993,10
"75",2015-10-26 02:00:00,21.6034476295414,7
"76",2015-10-26 03:00:00,16.0930764125248,10
"77",2015-10-26 04:00:00,23.3573819615507,7
"78",2015-10-26 05:00:00,25.0697831425808,3
"79",2015-10-26 06:00:00,21.0122423377077,10
"80",2015-10-26 07:00:00,20.0869673524947,6
"81",2015-10-26 08:00:00,32.1512783825671,5
"82",2015-10-26 09:00:00,20.5644840917329,7
"83",2015-10-26 10:00:00,20.2286861147444,8
"84",2015-10-26 11:00:00,20.8297602446733,3
"85",2015-10-26 12:00:00,21.9315406668532,3
"86",2015-10-26 13:00:00,15.7923028753197,6
"87",2015-10-26 14:00:00,21.7846341314852,6
"88",2015-10-26 15:00:00,20.6347129621002,6
"89",2015-10-26 16:00:00,32.1187951229967,4
"90",2015-10-26 17:00:00,20.0611675322052,2
"91",2015-10-26 18:00:00,23.0036273359515,9
"92",2015-10-26 19:00:00,27.0972171213359,9
"93",2015-10-26 20:00:00,26.1749989049858,2
"94",2015-10-26 21:00:00,23.549327295441,3
"95",2015-10-26 22:00:00,25.4811618861581,6
"96",2015-10-26 23:00:00,18.9016006582585,5
"97",2015-10-27 00:00:00,28.7677489338716,5
"98",2015-10-27 01:00:00,21.5724881173398,4
"99",2015-10-27 02:00:00,27.7060073753868,4
"100",2015-10-27 03:00:00,20.2559895832005,9
"101",2015-10-27 04:00:00,24.5765469842621,5
"102",2015-10-27 05:00:00,19.8771442831761,8
"103",2015-10-27 06:00:00,21.1664527852469,6
"104",2015-10-27 07:00:00,19.2932755897674,11
"105",2015-10-27 08:00:00,14.2758764140849,6
"106",2015-10-27 09:00:00,34.506423987004,2
"107",2015-10-27 10:00:00,12.5855322576921,4
"108",2015-10-27 11:00:00,27.3524958663443,2
"109",2015-10-27 12:00:00,20.7933882270496,6
"110",2015-10-27 13:00:00,20.939643092925,7
"111",2015-10-27 14:00:00,33.0378389800354,3
"112",2015-10-27 15:00:00,25.4316559907472,5
"113",2015-10-27 16:00:00,29.7583602482735,4
"114",2015-10-27 17:00:00,44.3807487433607,1
"115",2015-10-27 18:00:00,26.3240311953903,5
"116",2015-10-27 19:00:00,18.1977702088082,3
"117",2015-10-27 20:00:00,23.9677223829815,11
"118",2015-10-27 21:00:00,25.2505980740771,5
"119",2015-10-27 22:00:00,21.9043268458302,2
"120",2015-10-27 23:00:00,17.8572727338728,5
"121",2015-10-28 00:00:00,54.7536570085496,1
"122",2015-10-28 01:00:00,27.1725588895695,6
"123",2015-10-28 02:00:00,25.9487333528894,5
"124",2015-10-28 03:00:00,21.1704978926537,4
"125",2015-10-28 04:00:00,25.8809566625307,8
"126",2015-10-28 05:00:00,19.653666678612,8
"127",2015-10-28 06:00:00,24.3547067905011,7
"128",2015-10-28 07:00:00,17.386236748579,5
"129",2015-10-28 08:00:00,13.3933046098942,5
"130",2015-10-28 09:00:00,24.5569391024019,3
"131",2015-10-28 10:00:00,17.6000402160005,5
"132",2015-10-28 11:00:00,25.9560386157889,5
"133",2015-10-28 12:00:00,21.2627326684689,6
"134",2015-10-28 13:00:00,23.3786079390821,8
"135",2015-10-28 14:00:00,21.1375765440492,6
"136",2015-10-28 15:00:00,32.7174251996824,4
"137",2015-10-28 16:00:00,24.5756639637665,5
"138",2015-10-28 17:00:00,26.1170897818881,4
"139",2015-10-28 18:00:00,23.1953922736497,8
"140",2015-10-28 19:00:00,25.7998716503641,6
"141",2015-10-28 20:00:00,24.5421932479769,2
"142",2015-10-28 21:00:00,27.7630415558156,4
"143",2015-10-28 22:00:00,26.8448626863832,6
"144",2015-10-28 23:00:00,25.4935041248689,7
"145",2015-10-29 00:00:00,22.744266060148,6
"146",2015-10-29 01:00:00,24.6843201118369,5
"147",2015-10-29 02:00:00,38.017903869749,2
"148",2015-10-29 03:00:00,17.9477316818932,5
"149",2015-10-29 04:00:00,23.691629168479,5
"150",2015-10-29 05:00:00,17.035470476381,5
"151",2015-10-29 06:00:00,24.2084508626962,3
"152",2015-10-29 07:00:00,24.2684450075734,6
"153",2015-10-29 08:00:00,14.8376937681828,6
"154",2015-10-29 09:00:00,17.0912300309221,7
"155",2015-10-29 10:00:00,17.7887088712492,5
"156",2015-10-29 11:00:00,21.7671711697288,7
"157",2015-10-29 12:00:00,26.9287612408452,6
"158",2015-10-29 13:00:00,17.2247727513806,3
"159",2015-10-29 14:00:00,27.0648003930729,6
"160",2015-10-29 15:00:00,27.3487071323395,5
"161",2015-10-29 16:00:00,23.2211551339357,5
"162",2015-10-29 17:00:00,30.0123804998828,4
"163",2015-10-29 18:00:00,23.5394984937851,6
"164",2015-10-29 19:00:00,23.6177440643504,6
"165",2015-10-29 20:00:00,26.2348371790541,4
"166",2015-10-29 21:00:00,20.0058099955757,6
"167",2015-10-29 22:00:00,19.6727401509491,3
"168",2015-10-29 23:00:00,24.7795707808172,4
"169",2015-10-30 00:00:00,34.5005203432144,5
"170",2015-10-30 01:00:00,18.3083603886005,3
"171",2015-10-30 02:00:00,19.3296661759413,9
"172",2015-10-30 03:00:00,28.458573782341,5
"173",2015-10-30 04:00:00,21.6714907021486,7
"174",2015-10-30 05:00:00,20.7348308972055,3
"175",2015-10-30 06:00:00,39.9299762742817,2
"176",2015-10-30 07:00:00,22.6610786946762,6
"177",2015-10-30 08:00:00,25.0323321533414,7
"178",2015-10-30 09:00:00,20.3616526510459,11
"179",2015-10-30 10:00:00,21.0481806875185,8
"180",2015-10-30 11:00:00,22.5930240547317,10
"181",2015-10-30 12:00:00,22.2292508694745,6
"182",2015-10-30 13:00:00,37.15388725888,2
"183",2015-10-30 14:00:00,24.0100230945782,7
"184",2015-10-30 15:00:00,50.3223501832223,2
"185",2015-10-30 16:00:00,25.9726539979109,5
"186",2015-10-30 17:00:00,26.9214271029091,5
"187",2015-10-30 18:00:00,24.6474515514914,6
"188",2015-10-30 19:00:00,20.718369894224,7
"189",2015-10-30 20:00:00,28.660951830531,5
"190",2015-10-30 21:00:00,22.8438363604835,7
"191",2015-10-30 22:00:00,10.4217978035346,4
"192",2015-10-30 23:00:00,26.6345083918111,3
"193",2015-10-31 00:00:00,24.6902673405934,5
"194",2015-10-31 01:00:00,31.1533215732597,7
"195",2015-10-31 02:00:00,24.4035121096757,4
"196",2015-10-31 03:00:00,38.5597651999351,3
"197",2015-10-31 04:00:00,22.6296057475342,3
"198",2015-10-31 05:00:00,27.8030942426667,3
"199",2015-10-31 06:00:00,26.354632734255,7
"200",2015-10-31 07:00:00,27.4617595478192,4
"201",2015-10-31 08:00:00,17.4799391700862,4
"202",2015-10-31 09:00:00,19.8274422485067,4
"203",2015-10-31 10:00:00,28.1369073277512,4
"204",2015-10-31 11:00:00,22.7676017560279,6
"205",2015-10-31 12:00:00,27.1617925983942,3
"206",2015-10-31 13:00:00,22.783140269993,6
"207",2015-10-31 14:00:00,29.6224541517791,3
"208",2015-10-31 15:00:00,25.1943683569264,6
"209",2015-10-31 16:00:00,28.2703483747223,4
"210",2015-10-31 17:00:00,22.4946435783267,6
"211",2015-10-31 18:00:00,15.8967912169566,7
"212",2015-10-31 19:00:00,23.7336957668586,7
"213",2015-10-31 20:00:00,23.9447409358355,6
"214",2015-10-31 21:00:00,26.9855803967335,2
"215",2015-10-31 22:00:00,20.2282281999473,5
"216",2015-10-31 23:00:00,28.1024229473928,6
"217",2015-11-01 00:00:00,18.8460389142452,5
"218",2015-11-01 01:00:00,26.01042558946,5
"219",2015-11-01 02:00:00,30.5758415126614,3
"220",2015-11-01 03:00:00,26.1153034608815,4
"221",2015-11-01 04:00:00,24.4639531551407,3
"222",2015-11-01 05:00:00,71.5947232421262,1
"223",2015-11-01 06:00:00,24.002357006632,4
"224",2015-11-01 07:00:00,22.7749748881314,4
"225",2015-11-01 08:00:00,20.6108292545753,5
"226",2015-11-01 09:00:00,48.9738029627005,1
"227",2015-11-01 10:00:00,22.5720264011166,3
"228",2015-11-01 11:00:00,27.792553638279,5
"229",2015-11-01 12:00:00,22.9253838009469,5
"230",2015-11-01 13:00:00,22.8967500959368,7
"231",2015-11-01 14:00:00,24.9232685434684,6
"232",2015-11-01 15:00:00,20.3319771579551,6
"233",2015-11-01 16:00:00,23.0357445980201,7
"234",2015-11-01 17:00:00,14.8728653668396,2
"235",2015-11-01 18:00:00,25.348952074843,4
"236",2015-11-01 19:00:00,23.3628972367599,5
"237",2015-11-01 20:00:00,15.6402414562143,7
"238",2015-11-01 21:00:00,22.2450768966996,3
"239",2015-11-01 22:00:00,26.289292385145,6
"240",2015-11-01 23:00:00,30.1250603215909,4
"241",2015-11-02 00:00:00,18.7100740849768,1
"242",2015-11-02 01:00:00,69.6774034400374,1
"243",2015-11-02 02:00:00,70.64375600066,1
"244",2015-11-02 03:00:00,32.1307002245958,1
"245",2015-11-02 04:00:00,43.2864882421454,1
"246",2015-11-02 05:00:00,46.5191096226332,1
"247",2015-11-02 06:00:00,49.4187877516248,1
"248",2015-11-02 07:00:00,22.6031331723865,1
"249",2015-11-02 08:00:00,17.2040390886102,1
"250",2015-11-02 09:00:00,36.0988410880796,1
"251",2015-11-02 10:00:00,37.4260394373971,1
"252",2015-11-02 11:00:00,68.9582583966907,1
"253",2015-11-02 12:00:00,56.3553004293705,1
"254",2015-11-02 13:00:00,27.42182637139,1
"255",2015-11-02 14:00:00,21.9770125989085,1
"256",2015-11-02 15:00:00,31.6500117677501,1
"257",2015-11-02 16:00:00,19.1037253028791,1
"258",2015-11-02 17:00:00,40.573976304749,1
"259",2015-11-02 18:00:00,34.1393652101262,1
"260",2015-11-02 19:00:00,31.6041462525504,1
"261",2015-11-02 20:00:00,53.4551623015147,1
"262",2015-11-02 21:00:00,50.9328620365324,1
"263",2015-11-02 22:00:00,21.382117521707,1
"264",2015-11-02 23:00:00,28.7079910748542,1
"265",2015-11-03 00:00:00,28.2661189896148,1
"266",2015-11-03 01:00:00,56.6430248947149,1
"267",2015-11-03 02:00:00,65.491297304053,1
"268",2015-11-03 03:00:00,45.2648998086883,1
"269",2015-11-03 04:00:00,32.0832259240906,1
"270",2015-11-03 05:00:00,20.0349403838487,1
"271",2015-11-03 06:00:00,59.3611311752797,1
"272",2015-11-03 07:00:00,63.0628530682728,1
"273",2015-11-03 08:00:00,36.3110237412327,1
"274",2015-11-03 09:00:00,28.786015849007,1
"275",2015-11-03 10:00:00,41.5294674085475,1
"276",2015-11-03 11:00:00,15.9119460138098,1
"277",2015-11-03 12:00:00,50.8596851504749,1
"278",2015-11-03 13:00:00,43.0053990965052,1
"279",2015-11-03 14:00:00,34.6509628674629,1
"280",2015-11-03 15:00:00,53.4909761821539,1
"281",2015-11-03 16:00:00,30.670294858038,1
"282",2015-11-03 17:00:00,11.9159512095413,1
"283",2015-11-03 18:00:00,24.7225164721785,1
"284",2015-11-03 19:00:00,38.9362182047118,1
"285",2015-11-03 20:00:00,35.4504779043098,1
"286",2015-11-03 21:00:00,45.9702575334683,1
"287",2015-11-03 22:00:00,56.4072558258738,1
"288",2015-11-03 23:00:00,49.5548715685327,1
"289",2015-11-04 00:00:00,48.3581818409476,1
"290",2015-11-04 01:00:00,16.8161637286534,1
"291",2015-11-04 02:00:00,19.0848414144532,1
"292",2015-11-04 03:00:00,49.9447278516841,1
"293",2015-11-04 04:00:00,21.6178853984551,1
"294",2015-11-04 05:00:00,26.9815394903677,1
"295",2015-11-04 06:00:00,51.754010468298,1
"296",2015-11-04 07:00:00,35.7291604564426,1
"297",2015-11-04 08:00:00,71.2737321938701,1
"298",2015-11-04 09:00:00,28.4185812694856,1
"299",2015-11-04 10:00:00,16.9646913008759,1
"300",2015-11-04 11:00:00,47.8929482730574,1
"301",2015-11-04 12:00:00,50.2571813724285,1
"302",2015-11-04 13:00:00,48.5954300363602,1
"303",2015-11-04 14:00:00,49.9963592969303,1
"304",2015-11-04 15:00:00,48.9201103887564,1
"305",2015-11-04 16:00:00,68.161543083252,1
"306",2015-11-04 17:00:00,30.5297797522653,1
"307",2015-11-04 18:00:00,55.6944534434138,1
"308",2015-11-04 19:00:00,47.145237683945,1
"309",2015-11-04 20:00:00,50.7788574491641,1
"310",2015-11-04 21:00:00,47.6585713638824,1
"311",2015-11-04 22:00:00,26.3310983209607,1
"312",2015-11-04 23:00:00,67.7610910123646,1
"313",2015-11-05 00:00:00,51.0851537726065,1
"314",2015-11-05 01:00:00,41.1179563473101,1
"315",2015-11-05 02:00:00,9.068800327763,1
"316",2015-11-05 03:00:00,61.2600116092251,1
"317",2015-11-05 04:00:00,20.3847670986807,1
"318",2015-11-05 05:00:00,23.3715576429769,1
"319",2015-11-05 06:00:00,54.1307207015861,1
"320",2015-11-05 07:00:00,47.173421759969,1
"321",2015-11-05 08:00:00,17.3304795814169,1
"322",2015-11-05 09:00:00,27.9009965116087,1
"323",2015-11-05 10:00:00,60.6939282449819,1
"324",2015-11-05 11:00:00,55.7504390453861,1
"325",2015-11-05 12:00:00,31.9807287856759,1
"326",2015-11-05 13:00:00,46.0268146881271,1
"327",2015-11-05 14:00:00,51.4867205249012,1
"328",2015-11-05 15:00:00,35.0838817945355,1
"329",2015-11-05 16:00:00,29.2227305862736,1
"330",2015-11-05 17:00:00,38.0545765695344,1
"331",2015-11-05 18:00:00,32.8034609501689,1
"332",2015-11-05 19:00:00,34.5906512347075,1
"333",2015-11-05 20:00:00,7.0414549105445,1
"334",2015-11-05 21:00:00,43.8794864014519,1
"335",2015-11-05 22:00:00,54.2600745019067,1
"336",2015-11-05 23:00:00,49.6079982894845,1
"337",2015-11-06 00:00:00,51.1668430218388,1
"338",2015-11-06 01:00:00,60.3322611228759,1
"339",2015-11-06 02:00:00,54.0006147092452,1
"340",2015-11-06 03:00:00,48.4029526422969,1
"341",2015-11-06 04:00:00,71.2939964141649,1
"342",2015-11-06 05:00:00,25.8643767975606,1
"343",2015-11-06 06:00:00,43.5349844677717,1
"344",2015-11-06 07:00:00,10.2947540185666,1
"345",2015-11-06 08:00:00,27.2115518120033,1
"346",2015-11-06 09:00:00,68.7711795631565,1
"347",2015-11-06 10:00:00,40.635575416509,1
"348",2015-11-06 11:00:00,48.5472792976157,1
"349",2015-11-06 12:00:00,51.2116951090256,1
"350",2015-11-06 13:00:00,62.3231314949068,1
"351",2015-11-06 14:00:00,36.0422046964929,1
"352",2015-11-06 15:00:00,65.867424606686,1
"353",2015-11-06 16:00:00,43.0912574114077,1
"354",2015-11-06 17:00:00,49.9992828862458,1
"355",2015-11-06 18:00:00,42.7532440768675,1
"356",2015-11-06 19:00:00,43.2803023601071,1
"357",2015-11-06 20:00:00,12.2151424914073,1
"358",2015-11-06 21:00:00,30.7909495836267,1
"359",2015-11-06 22:00:00,43.1462644168327,1
"360",2015-11-06 23:00:00,24.8629620640314,1
"361",2015-11-07 00:00:00,60.419541027239,1
"362",2015-11-07 01:00:00,2.8291908281302,1
"363",2015-11-07 02:00:00,41.3585911297613,1
"364",2015-11-07 03:00:00,32.5180249493719,1
"365",2015-11-07 04:00:00,32.9362464135424,1
"366",2015-11-07 05:00:00,53.9036923003447,1
"367",2015-11-07 06:00:00,54.3492401296671,1
"368",2015-11-07 07:00:00,48.6673384982738,1
"369",2015-11-07 08:00:00,43.6972459192695,1
"370",2015-11-07 09:00:00,64.3910185216165,1
"371",2015-11-07 10:00:00,54.6425662024962,1
"372",2015-11-07 11:00:00,31.5797948112164,1
"373",2015-11-07 12:00:00,10.6977920929493,1
"374",2015-11-07 13:00:00,69.4083036574096,1
"375",2015-11-07 14:00:00,57.73922765061,1
"376",2015-11-07 15:00:00,54.0430362679335,1
"377",2015-11-07 16:00:00,21.3781064642309,1
"378",2015-11-07 17:00:00,68.5572460793731,1
"379",2015-11-07 18:00:00,49.9902552967759,1
"380",2015-11-07 19:00:00,60.8708520298928,1
"381",2015-11-07 20:00:00,15.2311936834135,1
"382",2015-11-07 21:00:00,35.271871964498,1
"383",2015-11-07 22:00:00,47.8347242930679,1
"384",2015-11-07 23:00:00,39.0425885462295,1
"385",2015-11-08 00:00:00,31.2825426547863,1
"386",2015-11-08 01:00:00,34.3186458000377,1
"387",2015-11-08 02:00:00,45.6957371924714,1
"388",2015-11-08 03:00:00,34.7617240784441,1
"389",2015-11-08 04:00:00,41.3242820615712,1
"390",2015-11-08 05:00:00,22.8155847542569,1
"391",2015-11-08 06:00:00,63.250742152479,1
"392",2015-11-08 07:00:00,13.839851662697,1
"393",2015-11-08 08:00:00,46.0062830292313,1
"394",2015-11-08 09:00:00,44.4937332263064,1
"395",2015-11-08 10:00:00,63.3784008525145,1
"396",2015-11-08 11:00:00,42.8176286069203,1
"397",2015-11-08 12:00:00,45.072081457417,1
"398",2015-11-08 13:00:00,46.0401367551701,1
"399",2015-11-08 14:00:00,11.5733400842798,1
"400",2015-11-08 15:00:00,39.9227302863412,1
"401",2015-11-08 16:00:00,40.1533384681837,1
"402",2015-11-08 17:00:00,63.0372539712892,1
"403",2015-11-08 18:00:00,48.7767098778954,1
"404",2015-11-08 19:00:00,53.3069461076941,1
"405",2015-11-08 20:00:00,41.4842111646002,1
"406",2015-11-08 21:00:00,45.3487020054086,1
"407",2015-11-08 22:00:00,54.9694662133253,1
"408",2015-11-08 23:00:00,47.5950720000924,1
"409",2015-11-09 00:00:00,40.5916187401338,1
"410",2015-11-09 01:00:00,43.3636191142293,1
"411",2015-11-09 02:00:00,65.7891528085237,1
"412",2015-11-09 03:00:00,29.0121784741223,1
"413",2015-11-09 04:00:00,38.9448443196303,1
"414",2015-11-09 05:00:00,26.3495752214053,1
"415",2015-11-09 06:00:00,33.6385003380815,1
"416",2015-11-09 07:00:00,8.5246805309308,1
"417",2015-11-09 08:00:00,7.0475170570607,1
"418",2015-11-09 09:00:00,71.8647782264772,1
"419",2015-11-09 10:00:00,33.7751948604787,1
"420",2015-11-09 11:00:00,34.5244801298626,1
"421",2015-11-09 12:00:00,13.2779698859097,1
"422",2015-11-09 13:00:00,20.9514752872639,1
"423",2015-11-09 14:00:00,42.715256116724,1
"424",2015-11-09 15:00:00,51.1011630406598,1
"425",2015-11-09 16:00:00,8.7181821936022,1
"426",2015-11-09 17:00:00,23.8843109412894,1
"427",2015-11-09 18:00:00,44.2086316448328,1
"428",2015-11-09 19:00:00,47.0949246003612,1
"429",2015-11-09 20:00:00,25.1405738373048,1
"430",2015-11-09 21:00:00,33.7237176608834,1
"431",2015-11-09 22:00:00,23.366524961849,1
"432",2015-11-09 23:00:00,41.8510250362275,1
"433",2015-11-10 00:00:00,28.5659544859576,1
"434",2015-11-10 01:00:00,49.0104175758946,1
"435",2015-11-10 02:00:00,76.9532884755309,1
"436",2015-11-10 03:00:00,33.6411442884697,1
"437",2015-11-10 04:00:00,61.127699332244,1
"438",2015-11-10 05:00:00,61.8223398806988,1
"439",2015-11-10 06:00:00,22.6900290738104,1
"440",2015-11-10 07:00:00,52.4967528238073,1
"441",2015-11-10 08:00:00,26.9624123963551,1
"442",2015-11-10 09:00:00,55.9123659285489,1
"443",2015-11-10 10:00:00,38.8273656090377,1
"444",2015-11-10 11:00:00,51.1709924738549,1
"445",2015-11-10 12:00:00,38.9822495512158,1
"446",2015-11-10 13:00:00,36.4036322824232,1
"447",2015-11-10 14:00:00,45.5111354721927,1
"448",2015-11-10 15:00:00,35.4507642301335,1
"449",2015-11-10 16:00:00,12.7814655967171,1
"450",2015-11-10 17:00:00,34.5961441009642,1
"451",2015-11-10 18:00:00,19.8630001062318,1
"452",2015-11-10 19:00:00,61.4227243051546,1
"453",2015-11-10 20:00:00,37.8715416505379,1
"454",2015-11-10 21:00:00,44.7140294875449,1
"455",2015-11-10 22:00:00,52.4385457938893,1
"456",2015-11-10 23:00:00,21.8700344017488,1
"457",2015-11-11 00:00:00,42.7755271251871,1
"458",2015-11-11 01:00:00,37.0756599825952,1
"459",2015-11-11 02:00:00,55.922491025837,1
"460",2015-11-11 03:00:00,21.7253698625865,1
"461",2015-11-11 04:00:00,27.3832256009682,1
"462",2015-11-11 05:00:00,26.4744531411345,1
"463",2015-11-11 06:00:00,24.9922056702606,1
"464",2015-11-11 07:00:00,29.4202359675989,1
"465",2015-11-11 08:00:00,18.5931884965026,1
"466",2015-11-11 09:00:00,19.4010016178177,1
"467",2015-11-11 10:00:00,30.7976640098735,1
"468",2015-11-11 11:00:00,53.0052894844904,1
"469",2015-11-11 12:00:00,29.7851645256109,1
"470",2015-11-11 13:00:00,48.478283565796,1
"471",2015-11-11 14:00:00,41.0000630305174,1
"472",2015-11-11 15:00:00,55.98542639928,1
"473",2015-11-11 16:00:00,23.593106868404,1
"474",2015-11-11 17:00:00,16.9293966139661,1
"475",2015-11-11 18:00:00,26.1058089784318,1
"476",2015-11-11 19:00:00,27.2780992643155,1
"477",2015-11-11 20:00:00,35.966695685484,1
"478",2015-11-11 21:00:00,62.3210170200497,1
"479",2015-11-11 22:00:00,22.5510053321884,1
"480",2015-11-11 23:00:00,32.3264983053097,1
"481",2015-11-12 00:00:00,36.7684263201972,1
"482",2015-11-12 01:00:00,16.655779190241,1
"483",2015-11-12 02:00:00,50.9030353495656,1
"484",2015-11-12 03:00:00,32.7442332838009,1
"485",2015-11-12 04:00:00,43.4466110043982,1
"486",2015-11-12 05:00:00,12.8728822871088,1
"487",2015-11-12 06:00:00,43.6268206072411,1
"488",2015-11-12 07:00:00,17.9325637800004,1
"489",2015-11-12 08:00:00,46.4307823156083,1
"490",2015-11-12 09:00:00,47.5556297424382,1
"491",2015-11-12 10:00:00,23.1646276120997,1
"492",2015-11-12 11:00:00,36.3201663117922,1
"493",2015-11-12 12:00:00,41.8292772003862,1
"494",2015-11-12 13:00:00,65.0638113964461,1
"495",2015-11-12 14:00:00,53.9966690864958,1
"496",2015-11-12 15:00:00,53.0654902898551,1
"497",2015-11-12 16:00:00,36.0480122566601,1
"498",2015-11-12 17:00:00,23.1648218301171,1
"499",2015-11-12 18:00:00,38.6529086928336,1
"500",2015-11-12 19:00:00,48.0852668952419,1
"501",2015-11-12 20:00:00,39.5470299951255,1
"502",2015-11-12 21:00:00,36.2815820071541,1
"503",2015-11-12 22:00:00,22.3045802562913,1
"504",2015-11-12 23:00:00,39.0544966792838,1
"505",2015-11-13 00:00:00,62.4563749641142,1
"506",2015-11-13 01:00:00,21.058793957344,1
"507",2015-11-13 02:00:00,24.98670300649,1
"508",2015-11-13 03:00:00,47.3400368280258,1
"509",2015-11-13 04:00:00,42.1037098294195,1
"510",2015-11-13 05:00:00,46.2774212535381,1
"511",2015-11-13 06:00:00,41.3463599022667,1
"512",2015-11-13 07:00:00,8.1984213259378,1
"513",2015-11-13 08:00:00,49.8204802697249,1
"514",2015-11-13 09:00:00,52.6305201806101,1
"515",2015-11-13 10:00:00,14.3208463942967,1
"516",2015-11-13 11:00:00,29.4292100060186,1
"517",2015-11-13 12:00:00,46.6100701512098,1
"518",2015-11-13 13:00:00,27.7181581948155,1
"519",2015-11-13 14:00:00,43.6465907608905,1
"520",2015-11-13 15:00:00,58.2492766860819,1
"521",2015-11-13 16:00:00,37.9558104957658,1
"522",2015-11-13 17:00:00,53.1671412657979,1
"523",2015-11-13 18:00:00,17.0031797724172,1
"524",2015-11-13 19:00:00,36.9877674355918,1
"525",2015-11-13 20:00:00,69.4212889581963,1
"526",2015-11-13 21:00:00,42.2823801236238,1
"527",2015-11-13 22:00:00,60.2991826112524,1
"528",2015-11-13 23:00:00,77.3880364084538,1
"529",2015-11-14 00:00:00,38.1875138012407,1
"530",2015-11-14 01:00:00,73.9203638412202,1
"531",2015-11-14 02:00:00,23.427619520271,1
"532",2015-11-14 03:00:00,74.0497629038197,1
"533",2015-11-14 04:00:00,71.0258422592639,1
"534",2015-11-14 05:00:00,36.3109344646472,1
"535",2015-11-14 06:00:00,69.727846256861,1
"536",2015-11-14 07:00:00,47.3189113205799,1
"537",2015-11-14 08:00:00,54.5520087503459,1
"538",2015-11-14 09:00:00,22.0470662200826,1
"539",2015-11-14 10:00:00,33.2869395750528,1
"540",2015-11-14 11:00:00,44.8059014084291,1
"541",2015-11-14 12:00:00,30.9688652829982,1
"542",2015-11-14 13:00:00,32.250332022681,1
"543",2015-11-14 14:00:00,60.4495411078497,1
"544",2015-11-14 15:00:00,17.006484980486,1
"545",2015-11-14 16:00:00,42.8458013953143,1
"546",2015-11-14 17:00:00,47.5288521125691,1
"547",2015-11-14 18:00:00,39.7156874350428,1
"548",2015-11-14 19:00:00,23.9053508043079,1
"549",2015-11-14 20:00:00,60.468320688143,1
"550",2015-11-14 21:00:00,16.0161555564838,1
"551",2015-11-14 22:00:00,24.9139109243091,1
"552",2015-11-14 23:00:00,52.1272221909901,1
"553",2015-11-15 00:00:00,31.7719071454425,1
"554",2015-11-15 01:00:00,33.9928496672736,1
"555",2015-11-15 02:00:00,12.2827645968809,1
"556",2015-11-15 03:00:00,50.5960374049205,1
"557",2015-11-15 04:00:00,31.5420067501583,1
"558",2015-11-15 05:00:00,20.5143481417185,1
"559",2015-11-15 06:00:00,27.9902667455248,1
"560",2015-11-15 07:00:00,70.6635409623389,1
"561",2015-11-15 08:00:00,44.6749160612784,1
"562",2015-11-15 09:00:00,22.8214627969192,1
"563",2015-11-15 10:00:00,28.1717566189353,1
"564",2015-11-15 11:00:00,38.0605560146027,1
"565",2015-11-15 12:00:00,28.251189441118,1
"566",2015-11-15 13:00:00,20.6508030161812,1
"567",2015-11-15 14:00:00,42.0382806347934,1
"568",2015-11-15 15:00:00,33.6574994497408,1
"569",2015-11-15 16:00:00,24.6285368005864,1
"570",2015-11-15 17:00:00,62.7401691362794,1
"571",2015-11-15 18:00:00,37.2272802350665,1
"572",2015-11-15 19:00:00,66.8343717981696,1
"573",2015-11-15 20:00:00,54.8850938422759,1
"574",2015-11-15 21:00:00,38.7417538152305,1
"575",2015-11-15 22:00:00,52.5658606496165,1
"576",2015-11-15 23:00:00,42.0115794478842,1
"577",2015-11-16 00:00:00,1.8846185133758,1
"578",2015-11-16 01:00:00,33.6970091910315,1
"579",2015-11-16 02:00:00,35.136376184687,1
"580",2015-11-16 03:00:00,52.3429811043448,1
"581",2015-11-16 04:00:00,56.6991161459241,1
"582",2015-11-16 05:00:00,55.5634349970575,1
"583",2015-11-16 06:00:00,45.7583635903247,1
"584",2015-11-16 07:00:00,50.6596732633525,1
"585",2015-11-16 08:00:00,40.1695639334679,1
"586",2015-11-16 09:00:00,24.9792201645829,1
"587",2015-11-16 10:00:00,47.7965892957105,1
"588",2015-11-16 11:00:00,35.7269567608793,1
"589",2015-11-16 12:00:00,54.0289888495878,1
"590",2015-11-16 13:00:00,45.3419745965245,1
"591",2015-11-16 14:00:00,48.4763108754933,1
"592",2015-11-16 15:00:00,33.6405122556926,1
"593",2015-11-16 16:00:00,30.8648090173997,1
"594",2015-11-16 17:00:00,20.8442113975799,1
"595",2015-11-16 18:00:00,19.8039637894076,1
"596",2015-11-16 19:00:00,36.2645428825571,1
"597",2015-11-16 20:00:00,31.2918207700386,1
"598",2015-11-16 21:00:00,10.3589420022955,1
"599",2015-11-16 22:00:00,31.2719415585115,1
"600",2015-11-16 23:00:00,39.1439737040725,1
"601",2015-11-17 00:00:00,40.5998626588789,1
"602",2015-11-17 01:00:00,4.4042325272969,1
"603",2015-11-17 02:00:00,60.5322038499812,1
"604",2015-11-17 03:00:00,42.6547104612227,1
"605",2015-11-17 04:00:00,11.8658014613172,1
"606",2015-11-17 05:00:00,22.7988829919626,1
"607",2015-11-17 06:00:00,32.5249590187434,1
"608",2015-11-17 07:00:00,65.9575631871786,1
"609",2015-11-17 08:00:00,26.382528116235,1
"610",2015-11-17 09:00:00,33.0626556884152,1
"611",2015-11-17 10:00:00,18.3653851044633,1
"612",2015-11-17 11:00:00,59.4331344085822,1
"613",2015-11-17 12:00:00,38.7194531649135,1
"614",2015-11-17 13:00:00,70.619443972899,1
"615",2015-11-17 14:00:00,51.0699934051137,1
"616",2015-11-17 15:00:00,29.4890315209365,1
"617",2015-11-17 16:00:00,15.8086547179779,1
"618",2015-11-17 17:00:00,39.2236260389947,1
"619",2015-11-17 18:00:00,47.0802281805404,1
"620",2015-11-17 19:00:00,41.9805684910847,1
"621",2015-11-17 20:00:00,61.214360875646,1
"622",2015-11-17 21:00:00,23.8367422232978,1
"623",2015-11-17 22:00:00,35.2134130676929,1
"624",2015-11-17 23:00:00,66.174825162096,1
"625",2015-11-18 00:00:00,11.4727378521034,1
"626",2015-11-18 01:00:00,40.9447681532732,1
"627",2015-11-18 02:00:00,73.2979819319809,1
"628",2015-11-18 03:00:00,21.7051118076474,1
"629",2015-11-18 04:00:00,13.4452791990939,1
"630",2015-11-18 05:00:00,33.8556438673892,1
"631",2015-11-18 06:00:00,38.4252691018152,1
"632",2015-11-18 07:00:00,7.5641684806693,1
"633",2015-11-18 08:00:00,20.7927917350956,1
"634",2015-11-18 09:00:00,47.1268131238311,1
"635",2015-11-18 10:00:00,38.5572001884514,1
"636",2015-11-18 11:00:00,30.6197503966646,1
"637",2015-11-18 12:00:00,27.5484113309602,1
"638",2015-11-18 13:00:00,34.6975049699135,1
"639",2015-11-18 14:00:00,36.676698679812,1
"640",2015-11-18 15:00:00,30.0258061998494,1
"641",2015-11-18 16:00:00,44.2900009847479,1
"642",2015-11-18 17:00:00,31.4767139942947,1
"643",2015-11-18 18:00:00,16.5543291005855,1
"644",2015-11-18 19:00:00,28.4676368812794,1
"645",2015-11-18 20:00:00,60.756804851968,1
"646",2015-11-18 21:00:00,53.1563109896548,1
"647",2015-11-18 22:00:00,43.7361815560495,1
"648",2015-11-18 23:00:00,44.6782847296699,1
"649",2015-11-19 00:00:00,32.5001588102959,1
"650",2015-11-19 01:00:00,53.0967178722941,1
"651",2015-11-19 02:00:00,50.4501710684339,1
"652",2015-11-19 03:00:00,20.6718515218736,1
"653",2015-11-19 04:00:00,48.5009299789458,1
"654",2015-11-19 05:00:00,55.8720937879421,1
"655",2015-11-19 06:00:00,16.9555145507766,1
"656",2015-11-19 07:00:00,47.7820324438963,1
"657",2015-11-19 08:00:00,64.1821620499174,1
"658",2015-11-19 09:00:00,19.1237576983494,1
"659",2015-11-19 10:00:00,26.63004030639,1
"660",2015-11-19 11:00:00,24.6932635358197,1
"661",2015-11-19 12:00:00,14.8825758067048,1
"662",2015-11-19 13:00:00,54.7026328787784,1
"663",2015-11-19 14:00:00,28.045472122666,1
"664",2015-11-19 15:00:00,44.2374425941066,1
"665",2015-11-19 16:00:00,53.9894770407609,1
"666",2015-11-19 17:00:00,44.2085305031971,1
"667",2015-11-19 18:00:00,44.1456341894245,1
"668",2015-11-19 19:00:00,40.1741487788049,1
"669",2015-11-19 20:00:00,75.6997633140906,1
"670",2015-11-19 21:00:00,33.6885947284897,1
"671",2015-11-19 22:00:00,60.3150985794065,1
"672",2015-11-19 23:00:00,37.8116074269575,1
"673",2015-11-20 00:00:00,62.2162964792853,1
"674",2015-11-20 01:00:00,21.9235787650124,1
"675",2015-11-20 02:00:00,50.8568241274124,1
"676",2015-11-20 03:00:00,9.5065272450702,1
"677",2015-11-20 04:00:00,39.037832579676,1
"678",2015-11-20 05:00:00,47.3926752192794,1
"679",2015-11-20 06:00:00,39.7747913658886,1
"680",2015-11-20 07:00:00,48.8356342497416,1
"681",2015-11-20 08:00:00,46.2839579834307,1
"682",2015-11-20 09:00:00,48.8338733608272,1
"683",2015-11-20 10:00:00,41.3212192395253,1
"684",2015-11-20 11:00:00,49.1261661870983,1
"685",2015-11-20 12:00:00,26.0703065320738,1
"686",2015-11-20 13:00:00,37.3340129914652,1
"687",2015-11-20 14:00:00,44.0134028816313,1
"688",2015-11-20 15:00:00,63.0768570869848,1
"689",2015-11-20 16:00:00,44.0092885777305,1
"690",2015-11-20 17:00:00,53.7655173847773,1
"691",2015-11-20 18:00:00,6.9073937214578,1
"692",2015-11-20 19:00:00,51.6257646997413,1
"693",2015-11-20 20:00:00,64.8459688722656,1
"694",2015-11-20 21:00:00,23.7911884031496,1
"695",2015-11-20 22:00:00,41.5512525904255,1
"696",2015-11-20 23:00:00,45.0320327597311,1
"697",2015-11-21 00:00:00,30.7225901872945,1
"698",2015-11-21 01:00:00,37.643845155708,1
"699",2015-11-21 02:00:00,33.9786185921089,1
"700",2015-11-21 03:00:00,59.9755661831811,1
"701",2015-11-21 04:00:00,24.8219225322192,1
"702",2015-11-21 05:00:00,24.4264410604944,1
"703",2015-11-21 06:00:00,58.7681100495576,1
"704",2015-11-21 07:00:00,47.487387152588,1
"705",2015-11-21 08:00:00,41.0464815278309,1
"706",2015-11-21 09:00:00,32.0779897675985,1
"707",2015-11-21 10:00:00,61.3323842609546,1
"708",2015-11-21 11:00:00,33.7798779417247,1
"709",2015-11-21 12:00:00,68.860907001969,1
"710",2015-11-21 13:00:00,28.2286874015995,1
"711",2015-11-21 14:00:00,41.3920486710612,1
"712",2015-11-21 15:00:00,55.4938738406539,1
"713",2015-11-21 16:00:00,41.7416678127096,1
"714",2015-11-21 17:00:00,54.7439210551015,1
"715",2015-11-21 18:00:00,51.711642423407,1
"716",2015-11-21 19:00:00,21.7258790166582,1
"717",2015-11-21 20:00:00,45.5724603466965,1
"718",2015-11-21 21:00:00,29.9849893286471,1
"719",2015-11-21 22:00:00,31.9462140442003,1
"720",2015-11-21 23:00:00,74.1209351924618,1
"721",2015-11-22 00:00:00,39.7995804357176,1
"722",2015-11-22 01:00:00,28.9237037201015,1
"723",2015-11-22 02:00:00,34.1252303592137,1
"724",2015-11-22 03:00:00,47.2619095897592,1
"725",2015-11-22 04:00:00,31.9059874080163,1
"726",2015-11-22 05:00:00,53.2199951464774,1
"727",2015-11-22 06:00:00,26.9442128251577,1
"728",2015-11-22 07:00:00,54.1517301103552,1
"729",2015-11-22 08:00:00,31.5571266982498,1
"730",2015-11-22 09:00:00,47.1080367286611,1
"731",2015-11-22 10:00:00,16.9394180923004,1
"732",2015-11-22 11:00:00,56.8679223739418,1
"733",2015-11-22 12:00:00,56.9241400056295,1
"734",2015-11-22 13:00:00,7.1439409103407,1
"735",2015-11-22 14:00:00,49.9258677678643,1
"736",2015-11-22 15:00:00,58.9709996117907,1
"737",2015-11-22 16:00:00,34.2810846091677,1
"738",2015-11-22 17:00:00,42.6827897448266,1
"739",2015-11-22 18:00:00,36.8559114880639,1
"740",2015-11-22 19:00:00,22.5755099388391,1
"741",2015-11-22 20:00:00,43.1064070686906,1
"742",2015-11-22 21:00:00,57.4235481959775,1
"743",2015-11-22 22:00:00,60.9823114161829,1
"744",2015-11-22 23:00:00,19.184503252936,1
"745",2015-11-23 00:00:00,27.0311098627953,1
"746",2015-11-23 01:00:00,24.9850174429484,1
"747",2015-11-23 02:00:00,41.8597990265502,1
"748",2015-11-23 03:00:00,7.2307169132917,1
"749",2015-11-23 04:00:00,24.2257165253097,1
"750",2015-11-23 05:00:00,46.4537070079544,1
"751",2015-11-23 06:00:00,51.2301887360243,1
"752",2015-11-23 07:00:00,44.4426074706119,1
"753",2015-11-23 08:00:00,49.1159510122872,1
"754",2015-11-23 09:00:00,32.8659600175948,1
"755",2015-11-23 10:00:00,23.082459737551,1
"756",2015-11-23 11:00:00,34.7186274412476,1
"757",2015-11-23 12:00:00,66.16324291745,1
"758",2015-11-23 13:00:00,68.1777324318454,1
"759",2015-11-23 14:00:00,42.7312877178935,1
"760",2015-11-23 15:00:00,65.1602204230701,1
"761",2015-11-23 16:00:00,18.8559379627717,1
"762",2015-11-23 17:00:00,28.9383203814538,1
"763",2015-11-23 18:00:00,4.3884687186311,1
"764",2015-11-23 19:00:00,44.9760169084004,1
"765",2015-11-23 20:00:00,35.7227343676763,1
"766",2015-11-23 21:00:00,45.3471229292943,1
"767",2015-11-23 22:00:00,22.7813275607363,1
"768",2015-11-23 23:00:00,43.1147665645718,1
"769",2015-11-24 00:00:00,24.1841214223068,1
"770",2015-11-24 01:00:00,43.3562353277951,1
"771",2015-11-24 02:00:00,35.0893441879164,1
"772",2015-11-24 03:00:00,42.129950793947,1
"773",2015-11-24 04:00:00,65.0640610654117,1
"774",2015-11-24 05:00:00,31.0546516252893,1
"775",2015-11-24 06:00:00,43.1421066387925,1
"776",2015-11-24 07:00:00,33.9096212397878,1
"777",2015-11-24 08:00:00,25.1991641251039,1
"778",2015-11-24 09:00:00,26.9000954583791,1
"779",2015-11-24 10:00:00,54.8203990327818,1
"780",2015-11-24 11:00:00,36.7142446528705,1
"781",2015-11-24 12:00:00,58.6120624756558,1
"782",2015-11-24 13:00:00,48.9189510411168,1
"783",2015-11-24 14:00:00,55.1736127444343,1
"784",2015-11-24 15:00:00,34.7707659171499,1
"785",2015-11-24 16:00:00,4.5955603526079,1
"786",2015-11-24 17:00:00,17.7176821911721,1
"787",2015-11-24 18:00:00,63.6823875331334,1
"788",2015-11-24 19:00:00,16.4592041443253,1
"789",2015-11-24 20:00:00,39.1741667919812,1
"790",2015-11-24 21:00:00,5.544961705488,1
"791",2015-11-24 22:00:00,51.4088893168399,1
"792",2015-11-24 23:00:00,71.2063960789441,1
"793",2015-11-25 00:00:00,20.6046070863454,1
"794",2015-11-25 01:00:00,45.903557642271,1
"795",2015-11-25 02:00:00,47.9960683917933,1
"796",2015-11-25 03:00:00,51.5157769335625,1
"797",2015-11-25 04:00:00,27.6439365510524,1
"798",2015-11-25 05:00:00,19.9504245704906,1
"799",2015-11-25 06:00:00,42.9346763014083,1
"800",2015-11-25 07:00:00,33.7589644033052,1
"801",2015-11-25 08:00:00,60.1982570238653,1
"802",2015-11-25 09:00:00,64.8226479580277,1
"803",2015-11-25 10:00:00,26.1609187646201,1
"804",2015-11-25 11:00:00,44.7292939769058,1
"805",2015-11-25 12:00:00,28.5030255200142,1
"806",2015-11-25 13:00:00,75.7717763262805,1
"807",2015-11-25 14:00:00,27.1120651366774,1
"808",2015-11-25 15:00:00,49.4031910967414,1
"809",2015-11-25 16:00:00,38.3978536090895,1
"810",2015-11-25 17:00:00,38.0918704894413,1
"811",2015-11-25 18:00:00,43.4855360613533,1
"812",2015-11-25 19:00:00,13.1708626633153,1
"813",2015-11-25 20:00:00,52.1376981733853,1
"814",2015-11-25 21:00:00,43.2048973964603,1
"815",2015-11-25 22:00:00,37.6604925101352,1
"816",2015-11-25 23:00:00,31.1976363751102,1
"817",2015-11-26 00:00:00,34.0740065911275,1
"818",2015-11-26 01:00:00,64.4033641341543,1
"819",2015-11-26 02:00:00,61.5752485738584,1
"820",2015-11-26 03:00:00,32.4261342902768,1
"821",2015-11-26 04:00:00,30.1682899539846,1
"822",2015-11-26 05:00:00,37.2278401462205,1
"823",2015-11-26 06:00:00,18.7003392491158,1
"824",2015-11-26 07:00:00,27.5736020243523,1
"825",2015-11-26 08:00:00,48.2177048635226,1
"826",2015-11-26 09:00:00,45.1730029469846,1
"827",2015-11-26 10:00:00,18.8900084633616,1
"828",2015-11-26 11:00:00,27.1416462338715,1
"829",2015-11-26 12:00:00,14.6358847823228,1
"830",2015-11-26 13:00:00,30.3642989233906,1
"831",2015-11-26 14:00:00,8.7534752041313,1
"832",2015-11-26 15:00:00,18.7684890978604,1
"833",2015-11-26 16:00:00,39.7354821197297,1
"834",2015-11-26 17:00:00,13.7302825260321,1
"835",2015-11-26 18:00:00,44.8248720216165,1
"836",2015-11-26 19:00:00,39.809993572463,1
"837",2015-11-26 20:00:00,28.5658751186446,1
"838",2015-11-26 21:00:00,43.6614768538743,1
"839",2015-11-26 22:00:00,55.9062709435974,1
"840",2015-11-26 23:00:00,31.1291813319458,1
"841",2015-11-27 00:00:00,19.962453347076,1
"842",2015-11-27 01:00:00,42.683700224438,1
"843",2015-11-27 02:00:00,59.0898574062799,1
"844",2015-11-27 03:00:00,23.640380655151,1
"845",2015-11-27 04:00:00,26.7856683567082,1
"846",2015-11-27 05:00:00,40.6400457277912,1
"847",2015-11-27 06:00:00,35.9188472354328,1
"848",2015-11-27 07:00:00,48.9293824131589,1
"849",2015-11-27 08:00:00,25.118401988905,1
"850",2015-11-27 09:00:00,34.9813624347634,1
"851",2015-11-27 10:00:00,8.6366967736367,1
"852",2015-11-27 11:00:00,59.9592672737957,1
"853",2015-11-27 12:00:00,18.6437661502138,1
"854",2015-11-27 13:00:00,17.1557561765608,1
"855",2015-11-27 14:00:00,5.5003059783606,1
"856",2015-11-27 15:00:00,14.5051972162639,1
"857",2015-11-27 16:00:00,24.8834303371103,1
"858",2015-11-27 17:00:00,54.7448781008435,1
"859",2015-11-27 18:00:00,55.7356155745347,1
"860",2015-11-27 19:00:00,32.256412944661,1
"861",2015-11-27 20:00:00,38.9560095738903,1
"862",2015-11-27 21:00:00,60.0209558670322,1
"863",2015-11-27 22:00:00,69.4254017719809,1
"864",2015-11-27 23:00:00,8.6880836721915,1
"865",2015-11-28 00:00:00,42.9702944366611,1
"866",2015-11-28 01:00:00,27.7275451444282,1
"867",2015-11-28 02:00:00,38.9628539941472,1
"868",2015-11-28 03:00:00,13.365611553228,1
"869",2015-11-28 04:00:00,31.8195583786175,1
"870",2015-11-28 05:00:00,33.103062721789,1
"871",2015-11-28 06:00:00,30.9249394520278,1
"872",2015-11-28 07:00:00,26.3082014379078,1
"873",2015-11-28 08:00:00,9.5657035769358,1
"874",2015-11-28 09:00:00,13.8307089244995,1
"875",2015-11-28 10:00:00,48.5270778112121,1
"876",2015-11-28 11:00:00,29.3412995589946,1
"877",2015-11-28 12:00:00,56.4024694236973,1
"878",2015-11-28 13:00:00,24.9854393693443,1
"879",2015-11-28 14:00:00,36.644183394851,1
"880",2015-11-28 15:00:00,26.098597579813,1
"881",2015-11-28 16:00:00,24.0202124983622,1
"882",2015-11-28 17:00:00,50.8317558470644,1
"883",2015-11-28 18:00:00,56.7709945074909,1
"884",2015-11-28 19:00:00,47.0234739766434,1
"885",2015-11-28 20:00:00,59.2803047778205,1
"886",2015-11-28 21:00:00,37.4531824623796,1
"887",2015-11-28 22:00:00,72.10266599838,1
"888",2015-11-28 23:00:00,30.3484829792851,1
"889",2015-11-29 00:00:00,53.8050469259866,1
"890",2015-11-29 01:00:00,22.4564371392118,1
"891",2015-11-29 02:00:00,60.5343832193979,1
"892",2015-11-29 03:00:00,16.0884903220095,1
"893",2015-11-29 04:00:00,36.3824370189137,1
"894",2015-11-29 05:00:00,59.2461211029069,1
"895",2015-11-29 06:00:00,45.0772137900643,1
"896",2015-11-29 07:00:00,45.1209412120655,1
"897",2015-11-29 08:00:00,38.2324334279433,1
"898",2015-11-29 09:00:00,19.4656176932983,1
"899",2015-11-29 10:00:00,38.2303669348272,1
"900",2015-11-29 11:00:00,18.6909317917792,1
"901",2015-11-29 12:00:00,20.7696360188625,1
"902",2015-11-29 13:00:00,61.1350545084475,1
"903",2015-11-29 14:00:00,27.9155170977204,1
"904",2015-11-29 15:00:00,30.5201605494198,1
"905",2015-11-29 16:00:00,28.8248456502854,1
"906",2015-11-29 17:00:00,69.5718548417127,1
"907",2015-11-29 18:00:00,37.3613976015331,1
"908",2015-11-29 19:00:00,38.2822748152508,1
"909",2015-11-29 20:00:00,46.3565864881081,1
"910",2015-11-29 21:00:00,24.056496808679,1
"911",2015-11-29 22:00:00,53.1981390164428,1
"912",2015-11-29 23:00:00,35.2527304163585,1
"913",2015-11-30 00:00:00,43.6075532374168,1
"914",2015-11-30 01:00:00,60.1748824095656,1
"915",2015-11-30 02:00:00,17.9355318120309,1
"916",2015-11-30 03:00:00,68.5176920071262,1
"917",2015-11-30 04:00:00,29.9627535728896,1
"918",2015-11-30 05:00:00,61.8621042828443,1
"919",2015-11-30 06:00:00,20.9899677634925,1
"920",2015-11-30 07:00:00,60.4102009045273,1
"921",2015-11-30 08:00:00,59.5745230018322,1
"922",2015-11-30 09:00:00,56.0187355063821,1
"923",2015-11-30 10:00:00,24.0714677824056,1
"924",2015-11-30 11:00:00,49.377007389928,1
"925",2015-11-30 12:00:00,38.4296950821411,1
"926",2015-11-30 13:00:00,26.2619281710423,1
"927",2015-11-30 14:00:00,66.2452335613057,1
"928",2015-11-30 15:00:00,32.9174810452321,1
"929",2015-11-30 16:00:00,25.1033625629664,1
"930",2015-11-30 17:00:00,27.7915810618011,1
"931",2015-11-30 18:00:00,46.1858047199405,1
"932",2015-11-30 19:00:00,33.1975810703795,1
"933",2015-11-30 20:00:00,45.2982590954527,1
"934",2015-11-30 21:00:00,15.820063438595,1
"935",2015-11-30 22:00:00,19.4946339247021,1
"936",2015-11-30 23:00:00,39.3505482118561,1
"937",2015-12-01 00:00:00,39.319313625871,1
"938",2015-12-01 01:00:00,2.4745975110404,1
"939",2015-12-01 02:00:00,41.5958526058344,1
"940",2015-12-01 03:00:00,15.0304806221234,1
"941",2015-12-01 04:00:00,71.0551914198749,1
"942",2015-12-01 05:00:00,52.0475008823152,1
"943",2015-12-01 06:00:00,72.8796177146805,1
"944",2015-12-01 07:00:00,37.0684710661043,1
"945",2015-12-01 08:00:00,34.2982349150581,1
"946",2015-12-01 09:00:00,41.5790460883728,1
"947",2015-12-01 10:00:00,40.6602731235899,1
"948",2015-12-01 11:00:00,61.6357439193121,1
"949",2015-12-01 12:00:00,43.4058534025669,1
"950",2015-12-01 13:00:00,18.5889306757874,1
"951",2015-12-01 14:00:00,47.898819982726,1
"952",2015-12-01 15:00:00,33.5265415952336,1
"953",2015-12-01 16:00:00,53.2971953834694,1
"954",2015-12-01 17:00:00,29.5701906240853,1
"955",2015-12-01 18:00:00,18.8130224491967,1
"956",2015-12-01 19:00:00,32.0327667346155,1
"957",2015-12-01 20:00:00,43.5808017777131,1
"958",2015-12-01 21:00:00,29.9279775209157,1
"959",2015-12-01 22:00:00,65.7258946386636,1
"960",2015-12-01 23:00:00,14.9976500844584,1
"961",2015-12-02 00:00:00,21.4676343019814,1
"962",2015-12-02 01:00:00,35.542968595937,1
"963",2015-12-02 02:00:00,67.4523110936612,1
"964",2015-12-02 03:00:00,57.5899350341151,1
"965",2015-12-02 04:00:00,35.1946724911906,1
"966",2015-12-02 05:00:00,46.1142695693825,1
"967",2015-12-02 06:00:00,35.049138916273,1
"968",2015-12-02 07:00:00,34.8558514950552,1
"969",2015-12-02 08:00:00,31.3698654558689,1
"970",2015-12-02 09:00:00,43.4405358566183,1
"971",2015-12-02 10:00:00,5.2923359208966,1
"972",2015-12-02 11:00:00,15.5888594524251,1
"973",2015-12-02 12:00:00,45.7246222563986,1
"974",2015-12-02 13:00:00,46.2925097415519,1
"975",2015-12-02 14:00:00,38.4833793859404,1
"976",2015-12-02 15:00:00,51.2870882821281,1
"977",2015-12-02 16:00:00,35.4193468813992,1
"978",2015-12-02 17:00:00,38.7176859430053,1
"979",2015-12-02 18:00:00,53.1841845068409,1
"980",2015-12-02 19:00:00,66.2450059833124,1
"981",2015-12-02 20:00:00,40.550694841337,1
"982",2015-12-02 21:00:00,57.0736482419353,1
"983",2015-12-02 22:00:00,49.2858852023726,1
"984",2015-12-02 23:00:00,22.8740425707277,1
"985",2015-12-03 00:00:00,46.2365850853313,1
"986",2015-12-03 01:00:00,77.1018257893879,1
"987",2015-12-03 02:00:00,49.7753512630727,1
"988",2015-12-03 03:00:00,71.1345304578706,1
"989",2015-12-03 04:00:00,58.4488596991417,1
"990",2015-12-03 05:00:00,58.5342999433239,1
"991",2015-12-03 06:00:00,28.5558590606079,1
"992",2015-12-03 07:00:00,39.0626619198947,1
"993",2015-12-03 08:00:00,16.6625192278596,1
"994",2015-12-03 09:00:00,27.0002779993339,1
"995",2015-12-03 10:00:00,44.2464932803772,1
"996",2015-12-03 11:00:00,72.9667722443937,1
"997",2015-12-03 12:00:00,31.4831050839573,1
"998",2015-12-03 13:00:00,66.8167306293836,1
"999",2015-12-03 14:00:00,42.936656237401,1
"1000",2015-12-03 15:00:00,33.4013261269372,1
"1001",2015-12-03 16:00:00,66.6814712378779,1
"1002",2015-12-03 17:00:00,44.0102676404085,1
"1003",2015-12-03 18:00:00,44.0102676404085,1
"1004",2015-12-03 19:00:00,44.0102676404085,1
"1005",2015-12-03 20:00:00,44.0102676404085,1
"1006",2015-12-03 21:00:00,44.0102676404085,1
"1007",2015-12-03 22:00:00,44.0102676404085,1
"1008",2015-12-03 23:00:00,44.0102676404085,1
"1009",2015-12-04 00:00:00,44.0102676404085,1
"1010",2015-12-04 01:00:00,44.0102676404085,1
"1011",2015-12-04 02:00:00,44.0102676404085,1
"1012",2015-12-04 03:00:00,44.0102676404085,1
"1013",2015-12-04 04:00:00,44.0102676404085,1
"1014",2015-12-04 05:00:00,44.0102676404085,1
"1015",2015-12-04 06:00:00,44.0102676404085,1
"1016",2015-12-04 07:00:00,44.0102676404085,1
"1017",2015-12-04 08:00:00,44.0102676404085,1
"1018",2015-12-04 09:00:00,44.0102676404085,1
"1019",2015-12-04 10:00:00,44.0102676404085,1
"1020",2015-12-04 11:00:00,44.0102676404085,1
"1021",2015-12-04 12:00:00,44.0102676404085,1
"1022",2015-12-04 13:00:00,44.0102676404085,1
"1023",2015-12-04 14:00:00,44.0102676404085,1
"1024",2015-12-04 15:00:00,44.0102676404085,1
"1025",2015-12-04 16:00:00,44.0102676404085,1
"1026",2015-12-04 17:00:00,44.0102676404085,1
"1027",2015-12-04 18:00:00,44.0102676404085,1
"1028",2015-12-04 19:00:00,44.0102676404085,1
"1029",2015-12-04 20:00:00,44.0102676404085,1
"1030",2015-12-04 21:00:00,44.0102676404085,1
"1031",2015-12-04 22:00:00,44.0102676404085,1
"1032",2015-12-04 23:00:00,44.0102676404085,1
"1033",2015-12-05 00:00:00,44.0102676404085,1
"1034",2015-12-05 01:00:00,44.0102676404085,1
"1035",2015-12-05 02:00:00,44.0102676404085,1
"1036",2015-12-05 03:00:00,44.0102676404085,1
"1037",2015-12-05 04:00:00,44.0102676404085,1
"1038",2015-12-05 05:00:00,44.0102676404085,1
"1039",2015-12-05 06:00:00,44.0102676404085,1
"1040",2015-12-05 07:00:00,44.0102676404085,1
"1041",2015-12-05 08:00:00,44.0102676404085,1
"1042",2015-12-05 09:00:00,44.0102676404085,1
"1043",2015-12-05 10:00:00,44.0102676404085,1
"1044",2015-12-05 11:00:00,44.0102676404085,1
"1045",2015-12-05 12:00:00,44.0102676404085,1
"1046",2015-12-05 13:00:00,44.0102676404085,1
"1047",2015-12-05 14:00:00,44.0102676404085,1
"1048",2015-12-05 15:00:00,44.0102676404085,1
"1049",2015-12-05 16:00:00,44.0102676404085,1
"1050",2015-12-05 17:00:00,44.0102676404085,1
"1051",2015-12-05 18:00:00,44.0102676404085,1
"1052",2015-12-05 19:00:00,44.0102676404085,1
"1053",2015-12-05 20:00:00,44.0102676404085,1
"1054",2015-12-05 21:00:00,44.0102676404085,1
"1055",2015-12-05 22:00:00,44.0102676404085,1
"1056",2015-12-05 23:00:00,44.0102676404085,1
"1057",2015-12-06 00:00:00,44.0102676404085,1
"1058",2015-12-06 01:00:00,44.0102676404085,1
"1059",2015-12-06 02:00:00,44.0102676404085,1
"1060",2015-12-06 03:00:00,44.0102676404085,1
"1061",2015-12-06 04:00:00,44.0102676404085,1
"1062",2015-12-06 05:00:00,44.0102676404085,1
"1063",2015-12-06 06:00:00,44.0102676404085,1
"1064",2015-12-06 07:00:00,44.0102676404085,1
"1065",2015-12-06 08:00:00,44.0102676404085,1
"1066",2015-12-06 09:00:00,44.0102676404085,1
"1067",2015-12-06 10:00:00,44.0102676404085,1
"1068",2015-12-06 11:00:00,44.0102676404085,1
"1069",2015-12-06 12:00:00,44.0102676404085,1
"1070",2015-12-06 13:00:00,44.0102676404085,1
"1071",2015-12-06 14:00:00,44.0102676404085,1
"1072",2015-12-06 15:00:00,44.0102676404085,1
"1073",2015-12-06 16:00:00,44.0102676404085,1
"1074",2015-12-06 17:00:00,44.0102676404085,1
"1075",2015-12-06 18:00:00,44.0102676404085,1
"1076",2015-12-06 19:00:00,44.0102676404085,1
"1077",2015-12-06 20:00:00,44.0102676404085,1
"1078",2015-12-06 21:00:00,44.0102676404085,1
"1079",2015-12-06 22:00:00,44.0102676404085,1
"1080",2015-12-06 23:00:00,44.0102676404085,1
"1081",2015-12-07 00:00:00,44.0102676404085,1
"1082",2015-12-07 01:00:00,44.0102676404085,1
"1083",2015-12-07 02:00:00,44.0102676404085,1
"1084",2015-12-07 03:00:00,44.0102676404085,1
"1085",2015-12-07 04:00:00,44.0102676404085,1
"1086",2015-12-07 05:00:00,44.0102676404085,1
"1087",2015-12-07 06:00:00,44.0102676404085,1
"1088",2015-12-07 07:00:00,44.0102676404085,1
"1089",2015-12-07 08:00:00,44.0102676404085,1
"1090",2015-12-07 09:00:00,44.0102676404085,1
"1091",2015-12-07 10:00:00,44.0102676404085,1
"1092",2015-12-07 11:00:00,44.0102676404085,1
"1093",2015-12-07 12:00:00,44.0102676404085,1
"1094",2015-12-07 13:00:00,44.0102676404085,1
"1095",2015-12-07 14:00:00,44.0102676404085,1
"1096",2015-12-07 15:00:00,44.0102676404085,1
"1097",2015-12-07 16:00:00,44.0102676404085,1
"1098",2015-12-07 17:00:00,44.0102676404085,1
"1099",2015-12-07 18:00:00,44.0102676404085,1
"1100",2015-12-07 19:00:00,44.0102676404085,1
"1101",2015-12-07 20:00:00,44.0102676404085,1
"1102",2015-12-07 21:00:00,44.0102676404085,1
"1103",2015-12-07 22:00:00,44.0102676404085,1
"1104",2015-12-07 23:00:00,44.0102676404085,1
"1105",2015-12-08 00:00:00,44.0102676404085,1
"1106",2015-12-08 01:00:00,44.0102676404085,1
"1107",2015-12-08 02:00:00,44.0102676404085,1
"1108",2015-12-08 03:00:00,44.0102676404085,1
"1109",2015-12-08 04:00:00,44.0102676404085,1
"1110",2015-12-08 05:00:00,44.0102676404085,1
"1111",2015-12-08 06:00:00,44.0102676404085,1
"1112",2015-12-08 07:00:00,44.0102676404085,1
"1113",2015-12-08 08:00:00,44.0102676404085,1
"1114",2015-12-08 09:00:00,44.0102676404085,1
"1115",2015-12-08 10:00:00,44.0102676404085,1
"1116",2015-12-08 11:00:00,44.0102676404085,1
"1117",2015-12-08 12:00:00,44.0102676404085,1
"1118",2015-12-08 13:00:00,44.0102676404085,1
"1119",2015-12-08 14:00:00,44.0102676404085,1
"1120",2015-12-08 15:00:00,44.0102676404085,1
"1121",2015-12-08 16:00:00,44.0102676404085,1
"1122",2015-12-08 17:00:00,44.0102676404085,1
"1123",2015-12-08 18:00:00,44.0102676404085,1
"1124",2015-12-08 19:00:00,44.0102676404085,1
"1125",2015-12-08 20:00:00,44.0102676404085,1
"1126",2015-12-08 21:00:00,44.0102676404085,1
"1127",2015-12-08 22:00:00,44.0102676404085,1
"1128",2015-12-08 23:00:00,44.0102676404085,1
"1129",2015-12-09 00:00:00,44.0102676404085,1
"1130",2015-12-09 01:00:00,44.0102676404085,1
"1131",2015-12-09 02:00:00,44.0102676404085,1
"1132",2015-12-09 03:00:00,44.0102676404085,1
"1133",2015-12-09 04:00:00,44.0102676404085,1
"1134",2015-12-09 05:00:00,44.0102676404085,1
"1135",2015-12-09 06:00:00,44.0102676404085,1
"1136",2015-12-09 07:00:00,44.0102676404085,1
"1137",2015-12-09 08:00:00,44.0102676404085,1
"1138",2015-12-09 09:00:00,44.0102676404085,1
"1139",2015-12-09 10:00:00,44.0102676404085,1
"1140",2015-12-09 11:00:00,44.0102676404085,1
"1141",2015-12-09 12:00:00,44.0102676404085,1
"1142",2015-12-09 13:00:00,44.0102676404085,1
"1143",2015-12-09 14:00:00,44.0102676404085,1
"1144",2015-12-09 15:00:00,44.0102676404085,1
"1145",2015-12-09 16:00:00,44.0102676404085,1
"1146",2015-12-09 17:00:00,44.0102676404085,1
"1147",2015-12-09 18:00:00,44.0102676404085,1
"1148",2015-12-09 19:00:00,44.0102676404085,1
"1149",2015-12-09 20:00:00,44.0102676404085,1
"1150",2015-12-09 21:00:00,44.0102676404085,1
"1151",2015-12-09 22:00:00,44.0102676404085,1
"1152",2015-12-09 23:00:00,44.0102676404085,1
"1153",2015-12-10 00:00:00,44.0102676404085,1
"1154",2015-12-10 01:00:00,44.0102676404085,1
"1155",2015-12-10 02:00:00,44.0102676404085,1
"1156",2015-12-10 03:00:00,44.0102676404085,1
"1157",2015-12-10 04:00:00,44.0102676404085,1
"1158",2015-12-10 05:00:00,44.0102676404085,1
"1159",2015-12-10 06:00:00,44.0102676404085,1
"1160",2015-12-10 07:00:00,44.0102676404085,1
"1161",2015-12-10 08:00:00,44.0102676404085,1
"1162",2015-12-10 09:00:00,44.0102676404085,1
"1163",2015-12-10 10:00:00,44.0102676404085,1
"1164",2015-12-10 11:00:00,44.0102676404085,1
"1165",2015-12-10 12:00:00,44.0102676404085,1
"1166",2015-12-10 13:00:00,44.0102676404085,1
"1167",2015-12-10 14:00:00,44.0102676404085,1
"1168",2015-12-10 15:00:00,44.0102676404085,1
"1169",2015-12-10 16:00:00,44.0102676404085,1
